{"version":1,"data":"{\"lastSaved\":\"2022-05-24T07:06:40.182944Z\",\"patchVersion\":0,\"achievements\":[{\"type\":\"TrophySet1\",\"progress\":0,\"tier\":1},{\"type\":\"TrophySet2\",\"progress\":0,\"tier\":0},{\"type\":\"CoinsFromFriends\",\"progress\":0,\"tier\":0},{\"type\":\"OwnCharacters\",\"progress\":64,\"tier\":4},{\"type\":\"CompleteMissions\",\"progress\":92,\"tier\":2},{\"type\":\"CompleteDailyInRow\",\"progress\":6,\"tier\":1},{\"type\":\"OwnBoards\",\"progress\":33,\"tier\":2},{\"type\":\"TopRunMedal\",\"progress\":2,\"tier\":0},{\"type\":\"PickupPowerups\",\"progress\":1467,\"tier\":2},{\"type\":\"OwnOutfits\",\"progress\":80,\"tier\":4},{\"type\":\"ScoreNoCoinsSingleRun\",\"progress\":255692,\"tier\":4},{\"type\":\"MissionsSingleRun\",\"progress\":5,\"tier\":2},{\"type\":\"TopRunRank1\",\"progress\":1,\"tier\":1},{\"type\":\"SneakersActive\",\"progress\":244,\"tier\":4},{\"type\":\"PickupCoinsSingleRun\",\"progress\":0,\"tier\":1},{\"type\":\"PickupKeys\",\"progress\":14,\"tier\":1},{\"type\":\"OpenMysteryBoxes\",\"progress\":80,\"tier\":1},{\"type\":\"ScoreNoDodgeSingleRun\",\"progress\":782672,\"tier\":4},{\"type\":\"WordysComplete\",\"progress\":0,\"tier\":0},{\"type\":\"WordysCompleteSingleEvent\",\"progress\":0,\"tier\":0},{\"type\":\"Jackpots\",\"progress\":0,\"tier\":0},{\"type\":\"OpenSuperMysteryBoxes\",\"progress\":7,\"tier\":0},{\"type\":\"TopRunRank0\",\"progress\":1,\"tier\":1},{\"type\":\"ScoreSingleLane\",\"progress\":1326834,\"tier\":4},{\"type\":\"WatchAdForKeys\",\"progress\":2,\"tier\":0},{\"type\":\"DailyChallengeClaim\",\"progress\":7,\"tier\":1},{\"type\":\"DailyChallengeComplete\",\"progress\":0,\"tier\":1},{\"type\":\"TopRunChampion\",\"progress\":0,\"tier\":0}]}"}