{"version":1,"data":"{\"lastSaved\":\"2022-05-24T07:15:08.266037Z\",\"patchVersion\":0,\"dailyVideoRewardIndex\":0,\"dailyVideoRewardsSeed\":4075758336,\"adPlacementsDailyCap\":{\"adsShown\":{\"ChallengeReward\":2},\"lastCapReset\":\"2022-05-24T04:47:44.628341Z\",\"lastTimeShown\":\"2022-05-24T07:06:02.118981Z\"},\"interstitialViews\":{\"dailyShowCount\":10,\"SessionShowCount\":114,\"lastTimeShown\":\"2022-05-24T07:15:07.470658Z\"},\"totalDailyCount\":0,\"multipleReviveTimestamp\":\"2022-05-23T10:15:06.517087Z\",\"multipleReviveCount\":0}"}