{"version":3,"data":"{\"lastSaved\":\"2022-05-24T07:04:45.075934Z\",\"patchVersion\":1,\"selected\":\"skullFire\",\"lastPermanentSelectedBoard\":\"\",\"owned\":{\"default\":{\"value\":{\"id\":\"default\",\"ownedUpgrades\":{}},\"expirationType\":0},\"starboard\":{\"value\":{\"id\":\"starboard\",\"ownedUpgrades\":{\"default\":{\"value\":true,\"expirationType\":0},\"trail\":{\"value\":true,\"expirationType\":0},\"doubleJump\":{\"value\":true,\"expirationType\":0}}},\"expirationType\":0},\"bengal\":{\"value\":{\"id\":\"bengal\",\"ownedUpgrades\":{\"default\":{\"value\":true,\"expirationType\":0}}},\"expirationType\":0},\"phantom\":{\"value\":{\"id\":\"phantom\",\"ownedUpgrades\":{\"default\":{\"value\":true,\"expirationType\":0},\"highSpeed\":{\"value\":true,\"expirationType\":0},\"superJump\":{\"value\":true,\"expirationType\":0},\"teleport\":{\"value\":true,\"expirationType\":0}}},\"expirationType\":0},\"bigKahuna\":{\"value\":{\"id\":\"bigKahuna\",\"ownedUpgrades\":{\"default\":{\"value\":true,\"expirationType\":0},\"glider\":{\"value\":true,\"expirationType\":0},\"lowrider\":{\"value\":true,\"expirationType\":0}}},\"expirationType\":0},\"greatWhite\":{\"value\":{\"id\":\"greatWhite\",\"ownedUpgrades\":{\"default\":{\"value\":true,\"expirationType\":0},\"speed\":{\"value\":true,\"expirationType\":0},\"glider\":{\"value\":true,\"expirationType\":0}}},\"expirationType\":0},\"windglider\":{\"value\":{\"id\":\"windglider\",\"ownedUpgrades\":{\"default\":{\"value\":true,\"expirationType\":0}}},\"expirationType\":0},\"daredevil\":{\"value\":{\"id\":\"daredevil\",\"ownedUpgrades\":{\"default\":{\"value\":true,\"expirationType\":0}}},\"expirationType\":0},\"bouncer\":{\"value\":{\"id\":\"bouncer\",\"ownedUpgrades\":{\"default\":{\"value\":true,\"expirationType\":0}}},\"expirationType\":0},\"hotrod\":{\"value\":{\"id\":\"hotrod\",\"ownedUpgrades\":{\"default\":{\"value\":true,\"expirationType\":0}}},\"expirationType\":0},\"lowrider\":{\"value\":{\"id\":\"lowrider\",\"ownedUpgrades\":{\"default\":{\"value\":true,\"expirationType\":0}}},\"expirationType\":0},\"lumberjack\":{\"value\":{\"id\":\"lumberjack\",\"ownedUpgrades\":{\"default\":{\"value\":true,\"expirationType\":0},\"doubleJump\":{\"value\":true,\"expirationType\":0},\"lowrider\":{\"value\":true,\"expirationType\":0}}},\"expirationType\":0},\"scoot\":{\"value\":{\"id\":\"scoot\",\"ownedUpgrades\":{\"default\":{\"value\":true,\"expirationType\":0},\"teleport\":{\"value\":true,\"expirationType\":0},\"highSpeed\":{\"value\":true,\"expirationType\":0}}},\"expirationType\":0},\"teleporter\":{\"value\":{\"id\":\"teleporter\",\"ownedUpgrades\":{\"default\":{\"value\":true,\"expirationType\":0}}},\"expirationType\":0},\"superhero\":{\"value\":{\"id\":\"superhero\",\"ownedUpgrades\":{\"default\":{\"value\":true,\"expirationType\":0},\"teleport\":{\"value\":true,\"expirationType\":0},\"jumper\":{\"value\":true,\"expirationType\":0}}},\"expirationType\":0},\"sunset\":{\"value\":{\"id\":\"sunset\",\"ownedUpgrades\":{\"default\":{\"value\":true,\"expirationType\":0},\"trail\":{\"value\":true,\"expirationType\":0},\"glider\":{\"value\":true,\"expirationType\":0}}},\"expirationType\":0},\"freestyler\":{\"value\":{\"id\":\"freestyler\",\"ownedUpgrades\":{\"default\":{\"value\":true,\"expirationType\":0},\"doubleJump\":{\"value\":true,\"expirationType\":0},\"jumper\":{\"value\":true,\"expirationType\":0}}},\"expirationType\":0},\"sakarSurfSpray\":{\"value\":{\"id\":\"sakarSurfSpray\",\"ownedUpgrades\":{\"default\":{\"value\":true,\"expirationType\":0}}},\"expirationType\":0},\"sakarBlueIce\":{\"value\":{\"id\":\"sakarBlueIce\",\"ownedUpgrades\":{\"default\":{\"value\":true,\"expirationType\":0}}},\"expirationType\":0},\"sakarCrew\":{\"value\":{\"id\":\"sakarCrew\",\"ownedUpgrades\":{\"default\":{\"value\":true,\"expirationType\":0}}},\"expirationType\":0},\"sakarCrewCrush\":{\"value\":{\"id\":\"sakarCrewCrush\",\"ownedUpgrades\":{\"default\":{\"value\":true,\"expirationType\":0}}},\"expirationType\":0},\"sakarWildStyle\":{\"value\":{\"id\":\"sakarWildStyle\",\"ownedUpgrades\":{\"default\":{\"value\":true,\"expirationType\":0}}},\"expirationType\":0},\"viking\":{\"value\":{\"id\":\"viking\",\"ownedUpgrades\":{\"default\":{\"value\":true,\"expirationType\":0}}},\"expirationType\":0},\"birthday2022\":{\"value\":{\"id\":\"birthday2022\",\"ownedUpgrades\":{\"default\":{\"value\":true,\"expirationType\":0}}},\"expirationType\":0},\"skullFire\":{\"value\":{\"id\":\"skullFire\",\"ownedUpgrades\":{\"default\":{\"value\":true,\"expirationType\":0},\"doubleJump\":{\"value\":true,\"expirationType\":0},\"highSpeed\":{\"value\":true,\"expirationType\":0}}},\"expirationType\":0},\"superSurfer\":{\"value\":{\"id\":\"superSurfer\",\"ownedUpgrades\":{\"default\":{\"value\":true,\"expirationType\":0}}},\"expirationType\":0},\"goat\":{\"value\":{\"id\":\"goat\",\"ownedUpgrades\":{\"default\":{\"value\":true,\"expirationType\":0}}},\"expirationType\":0},\"liberty\":{\"value\":{\"id\":\"liberty\",\"ownedUpgrades\":{\"default\":{\"value\":true,\"expirationType\":0}}},\"expirationType\":0},\"clockwork\":{\"value\":{\"id\":\"clockwork\",\"ownedUpgrades\":{\"default\":{\"value\":true,\"expirationType\":0}}},\"expirationType\":0},\"chicky\":{\"value\":{\"id\":\"chicky\",\"ownedUpgrades\":{\"default\":{\"value\":true,\"expirationType\":0},\"trail\":{\"value\":true,\"expirationType\":0},\"highSpeed\":{\"value\":true,\"expirationType\":0}}},\"expirationType\":0},\"aero\":{\"value\":{\"id\":\"aero\",\"ownedUpgrades\":{\"default\":{\"value\":true,\"expirationType\":0},\"highSpeed\":{\"value\":true,\"expirationType\":0},\"superJump\":{\"value\":true,\"expirationType\":0},\"glider\":{\"value\":true,\"expirationType\":0}}},\"expirationType\":0},\"naga\":{\"value\":{\"id\":\"naga\",\"ownedUpgrades\":{\"default\":{\"value\":true,\"expirationType\":0}}},\"expirationType\":0},\"birdie\":{\"value\":{\"id\":\"birdie\",\"ownedUpgrades\":{\"default\":{\"value\":true,\"expirationType\":0}}},\"expirationType\":0}}}"}