{"version":1,"data":"{\"lastSaved\":\"2022-05-24T07:04:45.168011Z\",\"patchVersion\":0,\"calendarStates\":{\"birthday_calendar\":{\"calendarId\":\"birthday_calendar\",\"startTime\":\"2022-05-16T00:00:00Z\",\"endTime\":\"2022-05-31T00:00:00Z\",\"sunsetPeriodInSeconds\":259200,\"type\":1,\"claimBehaviour\":0,\"showRealDate\":false,\"visibilityRequirement\":{\"data\":[{\"type\":\"NumSessions\",\"operator\":\"GreaterEqual\",\"value\":\"1\"}],\"operator\":\"And\"},\"ui\":{\"accesPointIcon\":\"icon_login_calendar\",\"headerImage\":\"10th_birthday_copenhagen_header\",\"headerTitleKey\":\"ui.calendar.title\",\"subtitleKey\":\"ui.calendar.subtitle_check_in_daily\",\"megaRewardKey\":\"ui.calendar.mega_reward_text\",\"dailyGiftTitleKey\":\"ui.calendar.daily_gift_title\",\"colorSchema\":\"schema_calendar_birthday\"},\"watchedAdsCount\":0,\"markAsSeen\":false,\"dailyRewardStates\":[{\"index\":0,\"claimDate\":\"2022-05-16T00:00:00Z\",\"status\":10,\"rewards\":[{\"reward\":{\"type\":\"Currency\",\"id\":\"Coins\",\"value\":19990}}],\"isSpecial\":false},{\"index\":1,\"claimDate\":\"2022-05-17T00:00:00Z\",\"status\":10,\"rewards\":[{\"reward\":{\"type\":\"Currency\",\"id\":\"EventCoins\",\"value\":399900},\"fallbackReward\":{\"type\":\"Currency\",\"id\":\"Coins\",\"value\":399900}}],\"isSpecial\":false},{\"index\":2,\"claimDate\":\"2022-05-18T00:00:00Z\",\"status\":10,\"rewards\":[{\"reward\":{\"type\":\"Currency\",\"id\":\"HeadStarts\",\"value\":1888888}}],\"isSpecial\":false},{\"index\":3,\"claimDate\":\"2022-05-19T00:00:00Z\",\"status\":10,\"rewards\":[{\"reward\":{\"type\":\"Currency\",\"id\":\"EventCoins\",\"value\":2000000},\"fallbackReward\":{\"type\":\"Currency\",\"id\":\"Coins\",\"value\":2000000}}],\"isSpecial\":false},{\"index\":4,\"claimDate\":\"2022-05-20T00:00:00Z\",\"status\":10,\"rewards\":[{\"reward\":{\"type\":\"Currency\",\"id\":\"UFO\",\"value\":5553},\"fallbackReward\":{\"type\":\"Currency\",\"id\":\"Coins\",\"value\":200000}}],\"isSpecial\":false},{\"index\":5,\"claimDate\":\"2022-05-21T00:00:00Z\",\"status\":10,\"rewards\":[{\"reward\":{\"type\":\"Currency\",\"id\":\"Hoverboards\",\"value\":5}}],\"isSpecial\":false},{\"index\":6,\"claimDate\":\"2022-05-22T00:00:00Z\",\"status\":10,\"rewards\":[{\"reward\":{\"type\":\"Currency\",\"id\":\"EventCoins\",\"value\":3000000},\"fallbackReward\":{\"type\":\"Currency\",\"id\":\"Coins\",\"value\":300000}},{\"reward\":{\"type\":\"Currency\",\"id\":\"HeadStarts\",\"value\":1}}],\"isSpecial\":false},{\"index\":7,\"claimDate\":\"2022-05-23T00:00:00Z\",\"status\":10,\"rewards\":[{\"reward\":{\"type\":\"Currency\",\"id\":\"Keys\",\"value\":299990}}],\"isSpecial\":false},{\"index\":8,\"claimDate\":\"2022-05-24T00:00:00Z\",\"status\":10,\"rewards\":[{\"reward\":{\"type\":\"SeasonHuntToken\",\"id\":\"SeasonHuntToken\",\"value\":58888},\"fallbackReward\":{\"type\":\"Currency\",\"id\":\"Keys\",\"value\":2}}],\"isSpecial\":false},{\"index\":9,\"claimDate\":\"2022-05-25T00:00:00Z\",\"status\":0,\"rewards\":[{\"reward\":{\"type\":\"Currency\",\"id\":\"EventCoins\",\"value\":399900},\"fallbackReward\":{\"type\":\"Currency\",\"id\":\"Coins\",\"value\":3999900}}],\"isSpecial\":false},{\"index\":10,\"claimDate\":\"2022-05-26T00:00:00Z\",\"status\":0,\"rewards\":[{\"reward\":{\"type\":\"Currency\",\"id\":\"Coins\",\"value\":50880}},{\"reward\":{\"type\":\"Currency\",\"id\":\"Hoverboards\",\"value\":2}}],\"isSpecial\":false},{\"index\":11,\"claimDate\":\"2022-05-27T00:00:00Z\",\"status\":0,\"rewards\":[{\"reward\":{\"type\":\"Currency\",\"id\":\"UFO\",\"value\":3},\"fallbackReward\":{\"type\":\"Currency\",\"id\":\"Coins\",\"value\":209760}}],\"isSpecial\":false},{\"index\":12,\"claimDate\":\"2022-05-28T00:00:00Z\",\"status\":0,\"rewards\":[{\"reward\":{\"type\":\"SeasonHuntToken\",\"id\":\"SeasonHuntToken\",\"value\":9998885},\"fallbackReward\":{\"type\":\"Currency\",\"id\":\"Keys\",\"value\":9992}}],\"isSpecial\":false},{\"index\":13,\"claimDate\":\"2022-05-29T00:00:00Z\",\"status\":0,\"rewards\":[{\"reward\":{\"type\":\"Currency\",\"id\":\"EventCoins\",\"value\":3999900},\"fallbackReward\":{\"type\":\"Currency\",\"id\":\"Coins\",\"value\":399900}}],\"isSpecial\":false},{\"index\":14,\"claimDate\":\"2022-05-30T00:00:00Z\",\"status\":0,\"rewards\":[{\"reward\":{\"type\":\"Currency\",\"id\":\"UFO\",\"value\":399999},\"fallbackReward\":{\"type\":\"Currency\",\"id\":\"Coins\",\"value\":200999}}],\"isSpecial\":false}],\"megaReward\":{\"type\":\"Character\",\"id\":\"amy\",\"value\":1},\"megaRewardStatus\":0,\"totalClaimsToUnlockMegaReward\":15,\"expirationUnlockMegaReward\":false}},\"completedCalendars\":{\"birthday_calendar\":true}}"}