{"version":3,"data":"{\"lastSaved\":\"2022-05-24T07:18:33.388576Z\",\"patchVersion\":2,\"selected\":{\"character\":\"frank\",\"outfit\":\"default\"},\"lastPermanentSelectedCharacter\":{\"character\":null,\"outfit\":null},\"owned\":{\"jake\":{\"value\":{\"id\":\"jake\",\"ownedOutfits\":[{\"value\":\"default\",\"expirationType\":0},{\"value\":\"darkOutfit\",\"expirationType\":0},{\"value\":\"starOutfit\",\"expirationType\":0}],\"lastOutfit\":\"starOutfit\"},\"expirationType\":0},\"monkbot\":{\"value\":{\"id\":\"monkbot\",\"ownedOutfits\":[{\"value\":\"default\",\"expirationType\":0},{\"value\":\"heartOutfit\",\"expirationType\":0},{\"value\":\"camoOutfit\",\"expirationType\":0}],\"lastOutfit\":\"default\"},\"expirationType\":0},\"tagbot\":{\"value\":{\"id\":\"tagbot\",\"ownedOutfits\":[{\"value\":\"default\",\"expirationType\":0},{\"value\":\"spaceOutfit\",\"expirationType\":0},{\"value\":\"toyOutfit\",\"expirationType\":0}],\"lastOutfit\":\"spaceOutfit\"},\"expirationType\":0},\"lucy\":{\"value\":{\"id\":\"lucy\",\"ownedOutfits\":[{\"value\":\"default\",\"expirationType\":0},{\"value\":\"gothOutfit\",\"expirationType\":0},{\"value\":\"steamOutfit\",\"expirationType\":0}],\"lastOutfit\":\"steamOutfit\"},\"expirationType\":0},\"ninja\":{\"value\":{\"id\":\"ninja\",\"ownedOutfits\":[{\"value\":\"default\",\"expirationType\":0},{\"value\":\"yangOutfit\",\"expirationType\":0},{\"value\":\"flameOutfit\",\"expirationType\":0}],\"lastOutfit\":\"flameOutfit\"},\"expirationType\":0},\"boombot\":{\"value\":{\"id\":\"boombot\",\"ownedOutfits\":[{\"value\":\"default\",\"expirationType\":0},{\"value\":\"cheeroutfit\",\"expirationType\":0},{\"value\":\"gymOutfit\",\"expirationType\":0}],\"lastOutfit\":\"default\"},\"expirationType\":0},\"tony\":{\"value\":{\"id\":\"tony\",\"ownedOutfits\":[{\"value\":\"default\",\"expirationType\":0},{\"value\":\"clownOutfit\",\"expirationType\":0},{\"value\":\"tigerOutfit\",\"expirationType\":0},{\"value\":\"folkOutfit\",\"expirationType\":0},{\"value\":\"gameOutfit\",\"expirationType\":0}],\"lastOutfit\":\"gameOutfit\"},\"expirationType\":0},\"prideBot\":{\"value\":{\"id\":\"prideBot\",\"ownedOutfits\":[{\"value\":\"default\",\"expirationType\":0},{\"value\":\"countOutfit\",\"expirationType\":0},{\"value\":\"royalOutfit\",\"expirationType\":0}],\"lastOutfit\":\"default\"},\"expirationType\":0},\"zoe\":{\"value\":{\"id\":\"zoe\",\"ownedOutfits\":[{\"value\":\"default\",\"expirationType\":0},{\"value\":\"curlyOutfit\",\"expirationType\":0},{\"value\":\"bikerOutfit\",\"expirationType\":0}],\"lastOutfit\":\"bikerOutfit\"},\"expirationType\":0},\"ella\":{\"value\":{\"id\":\"ella\",\"ownedOutfits\":[{\"value\":\"default\",\"expirationType\":0},{\"value\":\"rastaOutfit\",\"expirationType\":0},{\"value\":\"goldOutfit\",\"expirationType\":0}],\"lastOutfit\":\"goldOutfit\"},\"expirationType\":0},\"brody\":{\"value\":{\"id\":\"brody\",\"ownedOutfits\":[{\"value\":\"default\",\"expirationType\":0},{\"value\":\"poshOutfit\",\"expirationType\":0},{\"value\":\"chillOutfit\",\"expirationType\":0}],\"lastOutfit\":\"chillOutfit\"},\"expirationType\":0},\"princeK\":{\"value\":{\"id\":\"princeK\",\"ownedOutfits\":[{\"value\":\"default\",\"expirationType\":0},{\"value\":\"jagOutfit\",\"expirationType\":0},{\"value\":\"shineOutfit\",\"expirationType\":0}],\"lastOutfit\":\"shineOutfit\"},\"expirationType\":0},\"missMaia\":{\"value\":{\"id\":\"missMaia\",\"ownedOutfits\":[{\"value\":\"default\",\"expirationType\":0}],\"lastOutfit\":\"default\"},\"expirationType\":0},\"freya\":{\"value\":{\"id\":\"freya\",\"ownedOutfits\":[{\"value\":\"default\",\"expirationType\":0},{\"value\":\"vikingOutfit\",\"expirationType\":0},{\"value\":\"winterMagicOutfit\",\"expirationType\":0}],\"lastOutfit\":\"winterMagicOutfit\"},\"expirationType\":0},\"fresh\":{\"value\":{\"id\":\"fresh\",\"ownedOutfits\":[{\"value\":\"default\",\"expirationType\":0},{\"value\":\"funkOutfit\",\"expirationType\":0},{\"value\":\"sportOutfit\",\"expirationType\":0}],\"lastOutfit\":\"sportOutfit\"},\"expirationType\":0},\"bobTheBlob\":{\"value\":{\"id\":\"bobTheBlob\",\"ownedOutfits\":[{\"value\":\"default\",\"expirationType\":0}],\"lastOutfit\":\"default\"},\"expirationType\":0},\"tankbot\":{\"value\":{\"id\":\"tankbot\",\"ownedOutfits\":[{\"value\":\"default\",\"expirationType\":0},{\"value\":\"incaOutfit\",\"expirationType\":0}],\"lastOutfit\":\"incaOutfit\"},\"expirationType\":0},\"mina\":{\"value\":{\"id\":\"mina\",\"ownedOutfits\":[{\"value\":\"default\",\"expirationType\":0},{\"value\":\"roboOutfit\",\"expirationType\":0},{\"value\":\"popOutfit\",\"expirationType\":0}],\"lastOutfit\":\"popOutfit\"},\"expirationType\":0},\"trym\":{\"value\":{\"id\":\"trym\",\"ownedOutfits\":[{\"value\":\"default\",\"expirationType\":0}],\"lastOutfit\":\"default\"},\"expirationType\":0},\"koral\":{\"value\":{\"id\":\"koral\",\"ownedOutfits\":[{\"value\":\"default\",\"expirationType\":0}],\"lastOutfit\":\"default\"},\"expirationType\":0},\"superRunnerJake\":{\"value\":{\"id\":\"superRunnerJake\",\"ownedOutfits\":[{\"value\":\"default\",\"expirationType\":0}],\"lastOutfit\":\"default\"},\"expirationType\":0},\"yutani\":{\"value\":{\"id\":\"yutani\",\"ownedOutfits\":[{\"value\":\"default\",\"expirationType\":0},{\"value\":\"gadgetOutfit\",\"expirationType\":0}],\"lastOutfit\":\"gadgetOutfit\"},\"expirationType\":0},\"gingerbot\":{\"value\":{\"id\":\"gingerbot\",\"ownedOutfits\":[{\"value\":\"default\",\"expirationType\":0},{\"value\":\"clownOutfit\",\"expirationType\":0},{\"value\":\"tigerOutfit\",\"expirationType\":0}],\"lastOutfit\":\"default\"},\"expirationType\":0},\"spacebot\":{\"value\":{\"id\":\"space\",\"ownedOutfits\":[{\"value\":\"default\",\"expirationType\":0}],\"lastOutfit\":\"default\"},\"expirationType\":0},\"rabbot\":{\"value\":{\"id\":\"rabbot\",\"ownedOutfits\":[{\"value\":\"default\",\"expirationType\":0}],\"lastOutfit\":\"default\"},\"expirationType\":0},\"frankette\":{\"value\":{\"id\":\"frankette\",\"ownedOutfits\":[{\"value\":\"default\",\"expirationType\":0}],\"lastOutfit\":\"default\"},\"expirationType\":0},\"zombiejak\":{\"value\":{\"id\":\"zombiejak\",\"ownedOutfits\":[{\"value\":\"default\",\"expirationType\":0}],\"lastOutfit\":\"default\"},\"expirationType\":0},\"tasha\":{\"value\":{\"id\":\"tasha\",\"ownedOutfits\":[{\"value\":\"default\",\"expirationType\":0},{\"value\":\"cheeroutfit\",\"expirationType\":0},{\"value\":\"gymOutfit\",\"expirationType\":0}],\"lastOutfit\":\"gymOutfit\"},\"expirationType\":0},\"king\":{\"value\":{\"id\":\"king\",\"ownedOutfits\":[{\"value\":\"default\",\"expirationType\":0},{\"value\":\"countOutfit\",\"expirationType\":0},{\"value\":\"royalOutfit\",\"expirationType\":0}],\"lastOutfit\":\"royalOutfit\"},\"expirationType\":0},\"hugo\":{\"value\":{\"id\":\"hugo\",\"ownedOutfits\":[{\"value\":\"default\",\"expirationType\":0},{\"value\":\"tigerOutfit\",\"expirationType\":0},{\"value\":\"clownOutfit\",\"expirationType\":0},{\"value\":\"mountainOutfit\",\"expirationType\":0},{\"value\":\"piratOutfit\",\"expirationType\":0}],\"lastOutfit\":\"piratOutfit\"},\"expirationType\":0},\"george\":{\"value\":{\"id\":\"george\",\"ownedOutfits\":[{\"value\":\"default\",\"expirationType\":0},{\"value\":\"clownOutfit\",\"expirationType\":0},{\"value\":\"tigerOutfit\",\"expirationType\":0}],\"lastOutfit\":\"default\"},\"expirationType\":0},\"tiger\":{\"value\":{\"id\":\"tiger\",\"ownedOutfits\":[{\"value\":\"default\",\"expirationType\":0}],\"lastOutfit\":\"default\"},\"expirationType\":0},\"zombiejake\":{\"value\":{\"id\":\"zombiejake\",\"ownedOutfits\":[{\"value\":\"default\",\"expirationType\":0},{\"value\":\"seriousOutfit\",\"expirationType\":0}],\"lastOutfit\":\"seriousOutfit\"},\"expirationType\":0},\"coco\":{\"value\":{\"id\":\"coco\",\"ownedOutfits\":[{\"value\":\"default\",\"expirationType\":0},{\"value\":\"artOutfit\",\"expirationType\":0},{\"value\":\"jesterOutfit\",\"expirationType\":0}],\"lastOutfit\":\"jesterOutfit\"},\"expirationType\":0},\"mike\":{\"value\":{\"id\":\"mike\",\"ownedOutfits\":[{\"value\":\"default\",\"expirationType\":0},{\"value\":\"howlOutfit\",\"expirationType\":0},{\"value\":\"jagerOutfit\",\"expirationType\":0}],\"lastOutfit\":\"jagerOutfit\"},\"expirationType\":0},\"manny\":{\"value\":{\"id\":\"manny\",\"ownedOutfits\":[{\"value\":\"default\",\"expirationType\":0},{\"value\":\"mariachiOutfit\",\"expirationType\":0},{\"value\":\"luchadorOutfit\",\"expirationType\":0}],\"lastOutfit\":\"luchadorOutfit\"},\"expirationType\":0},\"dummy\":{\"value\":{\"id\":\"dummy\",\"ownedOutfits\":[{\"value\":\"default\",\"expirationType\":0},{\"value\":\"clownOutfit\",\"expirationType\":0},{\"value\":\"tigerOutfit\",\"expirationType\":0}],\"lastOutfit\":\"default\"},\"expirationType\":0},\"tricky\":{\"value\":{\"id\":\"tricky\",\"ownedOutfits\":[{\"value\":\"default\",\"expirationType\":0},{\"value\":\"heartOutfit\",\"expirationType\":0},{\"value\":\"camoOutfit\",\"expirationType\":0}],\"lastOutfit\":\"camoOutfit\"},\"expirationType\":0},\"space\":{\"value\":{\"id\":\"space\",\"ownedOutfits\":[{\"value\":\"default\",\"expirationType\":0}],\"lastOutfit\":\"default\"},\"expirationType\":0},\"akira\":{\"value\":{\"id\":\"akira\",\"ownedOutfits\":[{\"value\":\"default\",\"expirationType\":0},{\"value\":\"clownOutfit\",\"expirationType\":0},{\"value\":\"tigerOutfit\",\"expirationType\":0}],\"lastOutfit\":\"default\"},\"expirationType\":0},\"andy\":{\"value\":{\"id\":\"andy\",\"ownedOutfits\":[{\"value\":\"default\",\"expirationType\":0},{\"value\":\"gamerOutfit\",\"expirationType\":0}],\"lastOutfit\":\"gamerOutfit\"},\"expirationType\":0},\"ace\":{\"value\":{\"id\":\"ace\",\"ownedOutfits\":[{\"value\":\"default\",\"expirationType\":0},{\"value\":\"pilotOutfit\",\"expirationType\":0}],\"lastOutfit\":\"pilotOutfit\"},\"expirationType\":0},\"lee\":{\"value\":{\"id\":\"lee\",\"ownedOutfits\":[{\"value\":\"default\",\"expirationType\":0},{\"value\":\"silkOutfit\",\"expirationType\":0}],\"lastOutfit\":\"silkOutfit\"},\"expirationType\":0},\"kareem\":{\"value\":{\"id\":\"kareem\",\"ownedOutfits\":[{\"value\":\"default\",\"expirationType\":0},{\"value\":\"SilkOutfit\",\"expirationType\":0}],\"lastOutfit\":\"SilkOutfit\"},\"expirationType\":0},\"kim\":{\"value\":{\"id\":\"kim\",\"ownedOutfits\":[{\"value\":\"default\",\"expirationType\":0},{\"value\":\"diveOutfit\",\"expirationType\":0},{\"value\":\"coastOutfit\",\"expirationType\":0}],\"lastOutfit\":\"coastOutfit\"},\"expirationType\":0},\"nick\":{\"value\":{\"id\":\"nick\",\"ownedOutfits\":[{\"value\":\"default\",\"expirationType\":0},{\"value\":\"speedOutfit\",\"expirationType\":0},{\"value\":\"neonOutfit\",\"expirationType\":0}],\"lastOutfit\":\"neonOutfit\"},\"expirationType\":0},\"noon\":{\"value\":{\"id\":\"noon\",\"ownedOutfits\":[{\"value\":\"default\",\"expirationType\":0},{\"value\":\"pinkOutfit\",\"expirationType\":0},{\"value\":\"siamOutfit\",\"expirationType\":0}],\"lastOutfit\":\"siamOutfit\"},\"expirationType\":0},\"philip\":{\"value\":{\"id\":\"philip\",\"ownedOutfits\":[{\"value\":\"default\",\"expirationType\":0},{\"value\":\"racerOutfit\",\"expirationType\":0},{\"value\":\"captainOutfit\",\"expirationType\":0}],\"lastOutfit\":\"captainOutfit\"},\"expirationType\":0},\"roberto\":{\"value\":{\"id\":\"roberto\",\"ownedOutfits\":[{\"value\":\"default\",\"expirationType\":0},{\"value\":\"fanOutfit\",\"expirationType\":0},{\"value\":\"culesOutfit\",\"expirationType\":0}],\"lastOutfit\":\"culesOutfit\"},\"expirationType\":0},\"jack\":{\"value\":{\"id\":\"jack\",\"ownedOutfits\":[{\"value\":\"default\",\"expirationType\":0},{\"value\":\"businessOutfit\",\"expirationType\":0}],\"lastOutfit\":\"businessOutfit\"},\"expirationType\":0},\"zayn\":{\"value\":{\"id\":\"zayn\",\"ownedOutfits\":[{\"value\":\"default\",\"expirationType\":0},{\"value\":\"stealthOutfit\",\"expirationType\":0}],\"lastOutfit\":\"stealthOutfit\"},\"expirationType\":0},\"darryl\":{\"value\":{\"id\":\"darryl\",\"ownedOutfits\":[{\"value\":\"default\",\"expirationType\":0},{\"value\":\"gonzoOutfit\",\"expirationType\":0}],\"lastOutfit\":\"gonzoOutfit\"},\"expirationType\":0},\"lana\":{\"value\":{\"id\":\"lana\",\"ownedOutfits\":[{\"value\":\"default\",\"expirationType\":0}],\"lastOutfit\":\"default\"},\"expirationType\":0},\"buzz\":{\"value\":{\"id\":\"buzz\",\"ownedOutfits\":[{\"value\":\"default\",\"expirationType\":0}],\"lastOutfit\":\"default\"},\"expirationType\":0},\"jolien\":{\"value\":{\"id\":\"jolien\",\"ownedOutfits\":[{\"value\":\"default\",\"expirationType\":0},{\"value\":\"floristOutfit\",\"expirationType\":0},{\"value\":\"springOutfit\",\"expirationType\":0}],\"lastOutfit\":\"springOutfit\"},\"expirationType\":0},\"spike\":{\"value\":{\"id\":\"spike\",\"ownedOutfits\":[{\"value\":\"default\",\"expirationType\":0},{\"value\":\"rockOutfit\",\"expirationType\":0},{\"value\":\"punkOutfit\",\"expirationType\":0}],\"lastOutfit\":\"punkOutfit\"},\"expirationType\":0},\"mala\":{\"value\":{\"id\":\"mala\",\"ownedOutfits\":[{\"value\":\"default\",\"expirationType\":0},{\"value\":\"clownOutfit\",\"expirationType\":0},{\"value\":\"tigerOutfit\",\"expirationType\":0},{\"value\":\"lunarOutfit\",\"expirationType\":0}],\"lastOutfit\":\"default\"},\"expirationType\":0},\"alba\":{\"value\":{\"id\":\"alba\",\"ownedOutfits\":[{\"value\":\"default\",\"expirationType\":0},{\"value\":\"cowgirlOutfit\",\"expirationType\":0},{\"value\":\"spaceOutfit\",\"expirationType\":0}],\"lastOutfit\":\"spaceOutfit\"},\"expirationType\":0},\"olivia\":{\"value\":{\"id\":\"olivia\",\"ownedOutfits\":[{\"value\":\"default\",\"expirationType\":0},{\"value\":\"skateOutfit\",\"expirationType\":0},{\"value\":\"derbyMacabreOutfit\",\"expirationType\":0}],\"lastOutfit\":\"derbyMacabreOutfit\"},\"expirationType\":0},\"aina\":{\"value\":{\"id\":\"aina\",\"ownedOutfits\":[{\"value\":\"default\",\"expirationType\":0},{\"value\":\"daisyOutfit\",\"expirationType\":0},{\"value\":\"blueOutfit\",\"expirationType\":0}],\"lastOutfit\":\"blueOutfit\"},\"expirationType\":0},\"carlos\":{\"value\":{\"id\":\"carlos\",\"ownedOutfits\":[{\"value\":\"default\",\"expirationType\":0},{\"value\":\"incaOutfit\",\"expirationType\":0},{\"value\":\"ponchoOutfit\",\"expirationType\":0}],\"lastOutfit\":\"ponchoOutfit\"},\"expirationType\":0},\"bjarki\":{\"value\":{\"id\":\"bjarki\",\"ownedOutfits\":[{\"value\":\"default\",\"expirationType\":0},{\"value\":\"powerOutfit\",\"expirationType\":0},{\"value\":\"fisherOutfit\",\"expirationType\":0}],\"lastOutfit\":\"fisherOutfit\"},\"expirationType\":0},\"dylan\":{\"value\":{\"id\":\"dylan\",\"ownedOutfits\":[{\"value\":\"default\",\"expirationType\":0},{\"value\":\"lifeguardOutfit\",\"expirationType\":0},{\"value\":\"walkmanOutfit\",\"expirationType\":0}],\"lastOutfit\":\"walkmanOutfit\"},\"expirationType\":0},\"harumi\":{\"value\":{\"id\":\"harumi\",\"ownedOutfits\":[{\"value\":\"default\",\"expirationType\":0},{\"value\":\"meowOutfit\",\"expirationType\":0},{\"value\":\"furyOutfit\",\"expirationType\":0}],\"lastOutfit\":\"furyOutfit\"},\"expirationType\":0},\"izzy\":{\"value\":{\"id\":\"izzy\",\"ownedOutfits\":[{\"value\":\"default\",\"expirationType\":0},{\"value\":\"alohaOutfit\",\"expirationType\":0},{\"value\":\"lakiOutfit\",\"expirationType\":0}],\"lastOutfit\":\"lakiOutfit\"},\"expirationType\":0},\"ez\":{\"value\":{\"id\":\"ez\",\"ownedOutfits\":[{\"value\":\"default\",\"expirationType\":0},{\"value\":\"touchdownOutfit\",\"expirationType\":0},{\"value\":\"JiveOutfit\",\"expirationType\":0}],\"lastOutfit\":\"JiveOutfit\"},\"expirationType\":0},\"taha\":{\"value\":{\"id\":\"taha\",\"ownedOutfits\":[{\"value\":\"default\",\"expirationType\":0}],\"lastOutfit\":\"default\"},\"expirationType\":0},\"salma\":{\"value\":{\"id\":\"salma\",\"ownedOutfits\":[{\"value\":\"default\",\"expirationType\":0},{\"value\":\"nomadOutfit\",\"expirationType\":0},{\"value\":\"talismanOutfit\",\"expirationType\":0}],\"lastOutfit\":\"talismanOutfit\"},\"expirationType\":0},\"nina\":{\"value\":{\"id\":\"nina\",\"ownedOutfits\":[{\"value\":\"default\",\"expirationType\":0},{\"value\":\"cyberPunkOutfit\",\"expirationType\":0},{\"value\":\"whitenightOutfit\",\"expirationType\":0}],\"lastOutfit\":\"whitenightOutfit\"},\"expirationType\":0},\"dino\":{\"value\":{\"id\":\"dino\",\"ownedOutfits\":[{\"value\":\"default\",\"expirationType\":0}],\"lastOutfit\":\"default\"},\"expirationType\":0},\"festivejake\":{\"value\":{\"id\":\"festivejack\",\"ownedOutfits\":[{\"value\":\"default\",\"expirationType\":0}],\"lastOutfit\":\"default\"},\"expirationType\":0},\"rat\":{\"value\":{\"id\":\"rat\",\"ownedOutfits\":[{\"value\":\"default\",\"expirationType\":0}],\"lastOutfit\":\"default\"},\"expirationType\":0},\"frank\":{\"value\":{\"id\":\"frank\",\"ownedOutfits\":[{\"value\":\"default\",\"expirationType\":0}],\"lastOutfit\":\"default\"},\"expirationType\":0}}}"}