{"version":1,"data":"{\"lastSaved\":\"2022-05-24T07:04:45.163152Z\",\"patchVersion\":0,\"resolvedPromotions\":{\"uc_flashDeals_slot_01\":{\"offerTime\":\"2022-05-23T10:11:50.453774Z\",\"timeSlotId\":\"uc_flash_deals_consumables\",\"productsOffered\":{\"dynamic_eventcoin_pack\":{\"id\":\"dynamic_eventcoin_pack\",\"purchaseCount\":0,\"productContent\":{\"itemAmount\":400,\"price\":{\"adPlacement\":\"flashDealsDefault\"}}}}},\"uc_flashDeals_slot_02\":{\"offerTime\":\"2022-05-23T10:11:50.453774Z\",\"timeSlotId\":\"uc_flash_deals_consumables\",\"productsOffered\":{\"dynamic_headstart_pack\":{\"id\":\"dynamic_headstart_pack\",\"purchaseCount\":0,\"productContent\":{\"itemAmount\":3,\"price\":{\"currencyType\":\"Coins\",\"value\":4500,\"adPlacement\":null}}}}},\"uc_flashDeals_slot_03\":{\"offerTime\":\"2022-05-23T10:11:50.453774Z\",\"timeSlotId\":\"uc_flash_deals_consumables\",\"productsOffered\":{\"dynamic_guitar_pack\":{\"id\":\"dynamic_guitar_pack\",\"purchaseCount\":1,\"productContent\":{\"itemAmount\":5,\"price\":{\"currencyType\":\"Keys\",\"value\":3,\"adPlacement\":null}}}}},\"uc_flashDeals_slot_04\":{\"offerTime\":\"2022-05-23T10:11:50.453774Z\",\"timeSlotId\":\"uc_flash_deals_items\",\"productsOffered\":{\"jolien\":{\"id\":\"jolien\",\"purchaseCount\":0,\"productContent\":null}}},\"uc_flashDeals_slot_05\":{\"offerTime\":\"2022-05-23T10:11:50.453774Z\",\"timeSlotId\":\"uc_flash_deals_items\",\"productsOffered\":{\"birdie_default\":{\"id\":\"birdie_default\",\"purchaseCount\":1,\"productContent\":null}}},\"uc_flashDeals_slot_06\":{\"offerTime\":\"2022-05-23T10:11:50.453774Z\",\"timeSlotId\":\"uc_flash_deals_items\",\"productsOffered\":{\"jack\":{\"id\":\"jack\",\"purchaseCount\":1,\"productContent\":null}}},\"multiplier_pack_bundle\":{\"offerTime\":\"2022-05-23T10:11:50.453774Z\",\"timeSlotId\":\"multiplierPack\",\"productsOffered\":{\"multiplier_pack\":{\"id\":\"multiplier_pack\",\"purchaseCount\":0,\"productContent\":null}}},\"promo_two_bundles_keys_20_10\":{\"offerTime\":\"2022-05-06T08:04:59.308104Z\",\"timeSlotId\":\"season_0049_slot_04\",\"productsOffered\":{\"tier20_key_bundle\":{\"id\":\"tier20_key_bundle\",\"purchaseCount\":0,\"productContent\":null},\"tier10_key_bundle\":{\"id\":\"tier10_key_bundle\",\"purchaseCount\":0,\"productContent\":null}}},\"backup_bundles\":{\"offerTime\":\"2022-05-23T10:42:00.622841Z\",\"timeSlotId\":\"backup_bundles\",\"productsOffered\":{\"kickoff_bundle\":{\"id\":\"kickoff_bundle\",\"purchaseCount\":0,\"productContent\":null}}}},\"socialMediaLinksClicked\":[],\"lastCollectedFreeLootboxTime\":\"2022-05-24T04:51:08.754887Z\",\"adLootBoxesClaimedCount\":0,\"lastWeekFacebookGiftWasCollected\":0,\"freeTokenBoxClaimed\":true}"}