{"version":1,"data":"{\"lastSaved\":\"2022-05-24T07:06:44.110286Z\",\"patchVersion\":0,\"challengeStates\":{\"copenhagenviking_tagteam_challenge\":{\"challengeId\":\"copenhagenviking_tagteam_challenge\",\"currentSetEntryID\":\"v3_long_crew\",\"default\":false,\"currentScore\":2320692,\"lastSeenScore\":2320692,\"startDate\":\"2022-05-23T00:00:00Z\",\"endDate\":\"2022-05-27T00:00:00Z\",\"sunsetPeriodInSeconds\":259200,\"multiplierOnStart\":30,\"eliteChallenge\":null,\"rewardStates\":[{\"State\":10,\"RequiredScore\":100000,\"Rewards\":[{\"reward\":{\"type\":\"Currency\",\"id\":\"ScoreBoosters\",\"value\":1,\"claimed\":true}},{\"reward\":{\"type\":\"Currency\",\"id\":\"EventCoins\",\"value\":300,\"claimed\":true},\"fallbackReward\":{\"type\":\"Currency\",\"id\":\"Coins\",\"value\":100}}],\"isUnique\":false},{\"State\":10,\"RequiredScore\":100000,\"AdRequired\":true,\"Rewards\":[{\"reward\":{\"type\":\"Currency\",\"id\":\"Hoverboards\",\"value\":3,\"claimed\":true}},{\"reward\":{\"type\":\"Currency\",\"id\":\"EventCoins\",\"value\":700,\"claimed\":true},\"fallbackReward\":{\"type\":\"Currency\",\"id\":\"Coins\",\"value\":100}}],\"isUnique\":false},{\"State\":10,\"RequiredScore\":200000,\"Rewards\":[{\"reward\":{\"type\":\"Currency\",\"id\":\"HeadStarts\",\"value\":1,\"claimed\":true}},{\"reward\":{\"type\":\"Currency\",\"id\":\"EventCoins\",\"value\":350,\"claimed\":true},\"fallbackReward\":{\"type\":\"Currency\",\"id\":\"Coins\",\"value\":150}}],\"isUnique\":false},{\"State\":10,\"RequiredScore\":350000,\"Rewards\":[{\"reward\":{\"type\":\"Currency\",\"id\":\"ScoreBoosters\",\"value\":1,\"claimed\":true}},{\"reward\":{\"type\":\"Currency\",\"id\":\"EventCoins\",\"value\":400,\"claimed\":true},\"fallbackReward\":{\"type\":\"Currency\",\"id\":\"Coins\",\"value\":200}}],\"isUnique\":false},{\"State\":10,\"RequiredScore\":550000,\"Rewards\":[{\"reward\":{\"type\":\"Currency\",\"id\":\"Coins\",\"value\":1500,\"claimed\":true}},{\"reward\":{\"type\":\"Currency\",\"id\":\"EventCoins\",\"value\":500,\"claimed\":true},\"fallbackReward\":{\"type\":\"Currency\",\"id\":\"Coins\",\"value\":250}}],\"isUnique\":false},{\"State\":10,\"RequiredScore\":850000,\"Rewards\":[{\"reward\":{\"type\":\"Currency\",\"id\":\"Hoverboards\",\"value\":5,\"claimed\":true}},{\"reward\":{\"type\":\"Currency\",\"id\":\"EventCoins\",\"value\":600,\"claimed\":true},\"fallbackReward\":{\"type\":\"Currency\",\"id\":\"Coins\",\"value\":300}}],\"isUnique\":false},{\"State\":10,\"RequiredScore\":1200000,\"Rewards\":[{\"reward\":{\"type\":\"SeasonHuntToken\",\"id\":null,\"value\":5,\"claimed\":true},\"fallbackReward\":{\"type\":\"Currency\",\"id\":\"Coins\",\"value\":300}},{\"reward\":{\"type\":\"Currency\",\"id\":\"EventCoins\",\"value\":750,\"claimed\":true},\"fallbackReward\":{\"type\":\"Currency\",\"id\":\"Coins\",\"value\":350}}],\"isUnique\":false},{\"State\":10,\"RequiredScore\":1750000,\"Rewards\":[{\"reward\":{\"type\":\"SeasonHuntToken\",\"id\":null,\"value\":10,\"claimed\":true},\"fallbackReward\":{\"type\":\"Currency\",\"id\":\"Coins\",\"value\":350}},{\"reward\":{\"type\":\"Currency\",\"id\":\"EventCoins\",\"value\":900,\"claimed\":true},\"fallbackReward\":{\"type\":\"Currency\",\"id\":\"Coins\",\"value\":400}}],\"isUnique\":false},{\"State\":0,\"RequiredScore\":2450000,\"Rewards\":[{\"reward\":{\"type\":\"SeasonHuntToken\",\"id\":null,\"value\":15},\"fallbackReward\":{\"type\":\"Currency\",\"id\":\"Coins\",\"value\":400}},{\"reward\":{\"type\":\"Currency\",\"id\":\"EventCoins\",\"value\":1500},\"fallbackReward\":{\"type\":\"Currency\",\"id\":\"Coins\",\"value\":500}},{\"reward\":{\"type\":\"Currency\",\"id\":\"Keys\",\"value\":3}}],\"isUnique\":false}],\"rewardUnlockOffset\":null,\"requirementsMultiplier\":7,\"roundingValue\":50000,\"successParameter\":0,\"successBehaviour\":1,\"matchmakingId\":\"dailyChallenge\",\"ruleSetId\":null,\"endAccess\":-1,\"requirements\":{\"access\":{\"data\":[{\"type\":\"BaseMultiplier\",\"operator\":\"GreaterEqual\",\"value\":\"6\"}],\"operator\":\"And\"},\"participation\":{\"data\":[{\"type\":\"SelectedCharacter\",\"operator\":\"Equal\",\"value\":\"lucy, ninja, frank, spike, yutani\",\"meta\":{\"limitRuns\":[1,1,1,1,1],\"cooldown\":[900,900,900,900,600],\"skipCost\":[{\"currencyType\":\"Keys\",\"amount\":4},{\"currencyType\":\"Keys\",\"amount\":4},{\"currencyType\":\"Keys\",\"amount\":4},{\"currencyType\":\"Keys\",\"amount\":4},{\"currencyType\":\"Keys\",\"amount\":4}]}}],\"operator\":\"And\"},\"progress\":{\"data\":[{\"type\":\"City\",\"operator\":\"Equal\",\"value\":\"copenhagenviking\"}],\"operator\":\"And\"},\"cooldownItems\":{\"frank\":{\"lastUsedDatetime\":\"2022-05-23T15:30:42.821038Z\",\"cooldownTime\":900}}},\"kind\":4,\"targetCity\":\"copenhagenviking\",\"markAsSeen\":true,\"accessed\":true},\"dailyChallenge\":{\"challengeId\":\"dailyChallenge\",\"currentSetEntryID\":\"v3_default_ranked_ads_test\",\"default\":true,\"currentScore\":857547,\"lastSeenScore\":857547,\"startDate\":\"2022-05-24T00:00:00Z\",\"endDate\":\"2022-05-25T00:00:00Z\",\"sunsetPeriodInSeconds\":0,\"multiplierOnStart\":30,\"eliteChallenge\":{\"id\":\"daily_challenge_elite_tiers\",\"reviveHint\":\"percentilesDescription\",\"rewardTiers\":[{\"State\":1,\"Rewards\":[{\"reward\":{\"type\":\"Currency\",\"id\":\"Coins\",\"value\":5000}}],\"isUnique\":false,\"Label\":\"Participating\"},{\"State\":0,\"RequiredScore\":1901000,\"Rewards\":[{\"reward\":{\"type\":\"Currency\",\"id\":\"Coins\",\"value\":5000}},{\"reward\":{\"type\":\"Currency\",\"id\":\"Keys\",\"value\":1}}],\"isUnique\":false,\"Label\":\"50\"},{\"State\":0,\"RequiredScore\":2851000,\"Rewards\":[{\"reward\":{\"type\":\"Currency\",\"id\":\"Coins\",\"value\":5000}},{\"reward\":{\"type\":\"Currency\",\"id\":\"Keys\",\"value\":3}},{\"reward\":{\"type\":\"Currency\",\"id\":\"HeadStarts\",\"value\":3}}],\"isUnique\":false,\"Label\":\"10\"},{\"State\":0,\"RequiredScore\":3801000,\"Rewards\":[{\"reward\":{\"type\":\"Currency\",\"id\":\"Coins\",\"value\":5000}},{\"reward\":{\"type\":\"Currency\",\"id\":\"Keys\",\"value\":5}},{\"reward\":{\"type\":\"Currency\",\"id\":\"HeadStarts\",\"value\":5}},{\"reward\":{\"type\":\"Currency\",\"id\":\"ScoreBoosters\",\"value\":5}}],\"isUnique\":false,\"Label\":\"1\"}],\"unlockingValue\":750000,\"unlocked\":true,\"participating\":true,\"milestoneDisplayData\":{\"titleTextKey\":\"ui.dailyChallenge.percentiles_header\",\"imageId\":\"icon_elitechallenge\",\"groupId\":\"challenge\",\"dropdownTextKey\":\"ui.run.percentilesDropdown\"}},\"rewardStates\":[{\"State\":10,\"RequiredScore\":50000,\"AdRequired\":true,\"optionalMultiplier\":2,\"Rewards\":[{\"reward\":{\"type\":\"Currency\",\"id\":\"ScoreBoosters\",\"value\":1,\"claimed\":true}},{\"reward\":{\"type\":\"Currency\",\"id\":\"EventCoins\",\"value\":50,\"claimed\":true},\"fallbackReward\":{\"type\":\"Currency\",\"id\":\"Coins\",\"value\":50}}],\"isUnique\":false},{\"State\":10,\"RequiredScore\":60000,\"AdRequired\":true,\"Rewards\":[{\"reward\":{\"type\":\"Currency\",\"id\":\"Hoverboards\",\"value\":3,\"claimed\":true}},{\"reward\":{\"type\":\"Currency\",\"id\":\"EventCoins\",\"value\":300,\"claimed\":true},\"fallbackReward\":{\"type\":\"Currency\",\"id\":\"Coins\",\"value\":150}}],\"isUnique\":false},{\"State\":10,\"RequiredScore\":150000,\"AdRequired\":true,\"optionalMultiplier\":2,\"Rewards\":[{\"reward\":{\"type\":\"Currency\",\"id\":\"ScoreBoosters\",\"value\":1,\"claimed\":true}},{\"reward\":{\"type\":\"Currency\",\"id\":\"EventCoins\",\"value\":100,\"claimed\":true},\"fallbackReward\":{\"type\":\"Currency\",\"id\":\"Coins\",\"value\":100}}],\"isUnique\":false},{\"State\":10,\"RequiredScore\":250000,\"Rewards\":[{\"reward\":{\"type\":\"Currency\",\"id\":\"HeadStarts\",\"value\":1,\"claimed\":true}},{\"reward\":{\"type\":\"Currency\",\"id\":\"EventCoins\",\"value\":100,\"claimed\":true},\"fallbackReward\":{\"type\":\"Currency\",\"id\":\"Coins\",\"value\":100}}],\"isUnique\":false},{\"State\":10,\"RequiredScore\":450000,\"Rewards\":[{\"reward\":{\"type\":\"Currency\",\"id\":\"ScoreBoosters\",\"value\":1,\"claimed\":true}},{\"reward\":{\"type\":\"Currency\",\"id\":\"EventCoins\",\"value\":100,\"claimed\":true},\"fallbackReward\":{\"type\":\"Currency\",\"id\":\"Coins\",\"value\":100}}],\"isUnique\":false},{\"State\":10,\"RequiredScore\":750000,\"Rewards\":[{\"reward\":{\"type\":\"Currency\",\"id\":\"Keys\",\"value\":3,\"claimed\":true}},{\"reward\":{\"type\":\"Currency\",\"id\":\"Coins\",\"value\":1000,\"claimed\":true}},{\"reward\":{\"type\":\"Currency\",\"id\":\"EventCoins\",\"value\":350,\"claimed\":true},\"fallbackReward\":{\"type\":\"Currency\",\"id\":\"Coins\",\"value\":350}}],\"isUnique\":false}],\"rewardUnlockOffset\":null,\"requirementsMultiplier\":10,\"roundingValue\":5000,\"successParameter\":0,\"successBehaviour\":0,\"matchmakingId\":\"dailyChallenge\",\"ruleSetId\":null,\"relatedChallenge\":\"coinChallenge\",\"endAccess\":-1,\"requirements\":{\"access\":{\"data\":[{\"type\":\"BaseMultiplier\",\"operator\":\"GreaterEqual\",\"value\":\"4\"}],\"operator\":\"And\"},\"progress\":{\"operator\":\"And\"}},\"kind\":1,\"markAsSeen\":true},\"super_runner_challenge\":{\"challengeId\":\"super_runner_challenge\",\"currentSetEntryID\":\"super_runner_challenge\",\"default\":false,\"currentScore\":3397266,\"lastSeenScore\":2776388,\"lastSeenGroupId\":4,\"startDate\":\"2022-05-16T00:00:00Z\",\"endDate\":\"2022-06-06T00:00:00Z\",\"sunsetPeriodInSeconds\":259200,\"multiplierOnStart\":7,\"eliteChallenge\":null,\"rewardStates\":[{\"State\":10,\"RequiredScore\":20000,\"Rewards\":[{\"reward\":{\"type\":\"Currency\",\"id\":\"Hoverboards\",\"value\":3,\"claimed\":true}},{\"reward\":{\"type\":\"Currency\",\"id\":\"Coins\",\"value\":150,\"claimed\":true}}],\"isUnique\":false},{\"State\":10,\"RequiredScore\":70000,\"AdRequired\":true,\"optionalMultiplier\":2,\"Rewards\":[{\"reward\":{\"type\":\"Currency\",\"id\":\"ScoreBoosters\",\"value\":1,\"claimed\":true}},{\"reward\":{\"type\":\"Currency\",\"id\":\"Coins\",\"value\":200,\"claimed\":true}}],\"isUnique\":false},{\"State\":10,\"RequiredScore\":120000,\"Rewards\":[{\"reward\":{\"type\":\"Currency\",\"id\":\"HeadStarts\",\"value\":1,\"claimed\":true}},{\"reward\":{\"type\":\"Currency\",\"id\":\"Coins\",\"value\":250,\"claimed\":true}}],\"isUnique\":false},{\"State\":10,\"RequiredScore\":170000,\"Rewards\":[{\"reward\":{\"type\":\"Currency\",\"id\":\"Hoverboards\",\"value\":4,\"claimed\":true}},{\"reward\":{\"type\":\"Currency\",\"id\":\"Coins\",\"value\":350,\"claimed\":true}}],\"isUnique\":false},{\"State\":10,\"RequiredScore\":240000,\"Rewards\":[{\"reward\":{\"type\":\"Currency\",\"id\":\"ScoreBoosters\",\"value\":1,\"claimed\":true}},{\"reward\":{\"type\":\"Currency\",\"id\":\"Coins\",\"value\":500,\"claimed\":true}},{\"reward\":{\"type\":\"Currency\",\"id\":\"Keys\",\"value\":3,\"claimed\":true}}],\"isUnique\":false},{\"State\":10,\"RequiredScore\":310000,\"GroupId\":1,\"Rewards\":[{\"reward\":{\"type\":\"Currency\",\"id\":\"HeadStarts\",\"value\":1,\"claimed\":true}},{\"reward\":{\"type\":\"Currency\",\"id\":\"Coins\",\"value\":250,\"claimed\":true}}],\"isUnique\":false},{\"State\":10,\"RequiredScore\":370000,\"AdRequired\":true,\"optionalMultiplier\":2,\"GroupId\":1,\"Rewards\":[{\"reward\":{\"type\":\"Currency\",\"id\":\"ScoreBoosters\",\"value\":1,\"claimed\":true}},{\"reward\":{\"type\":\"Currency\",\"id\":\"Coins\",\"value\":300,\"claimed\":true}}],\"isUnique\":false},{\"State\":10,\"RequiredScore\":440000,\"GroupId\":1,\"Rewards\":[{\"reward\":{\"type\":\"Currency\",\"id\":\"Hoverboards\",\"value\":4,\"claimed\":true}},{\"reward\":{\"type\":\"Currency\",\"id\":\"Coins\",\"value\":350,\"claimed\":true}}],\"isUnique\":false},{\"State\":10,\"RequiredScore\":510000,\"GroupId\":1,\"Rewards\":[{\"reward\":{\"type\":\"Currency\",\"id\":\"HeadStarts\",\"value\":1,\"claimed\":true}},{\"reward\":{\"type\":\"Currency\",\"id\":\"Coins\",\"value\":500,\"claimed\":true}}],\"isUnique\":false},{\"State\":10,\"RequiredScore\":580000,\"GroupId\":1,\"Rewards\":[{\"reward\":{\"type\":\"Currency\",\"id\":\"Hoverboards\",\"value\":5,\"claimed\":true}},{\"reward\":{\"type\":\"Currency\",\"id\":\"Coins\",\"value\":750,\"claimed\":true}},{\"reward\":{\"type\":\"Currency\",\"id\":\"Keys\",\"value\":5,\"claimed\":true}}],\"isUnique\":false},{\"State\":10,\"RequiredScore\":650000,\"GroupId\":2,\"Rewards\":[{\"reward\":{\"type\":\"Currency\",\"id\":\"ScoreBoosters\",\"value\":1,\"claimed\":true}},{\"reward\":{\"type\":\"Currency\",\"id\":\"Coins\",\"value\":350,\"claimed\":true}}],\"isUnique\":false},{\"State\":10,\"RequiredScore\":730000,\"AdRequired\":true,\"optionalMultiplier\":2,\"GroupId\":2,\"Rewards\":[{\"reward\":{\"type\":\"Currency\",\"id\":\"Hoverboards\",\"value\":3,\"claimed\":true}},{\"reward\":{\"type\":\"Currency\",\"id\":\"Coins\",\"value\":400,\"claimed\":true}}],\"isUnique\":false},{\"State\":10,\"RequiredScore\":810000,\"GroupId\":2,\"Rewards\":[{\"reward\":{\"type\":\"Currency\",\"id\":\"HeadStarts\",\"value\":1,\"claimed\":true}},{\"reward\":{\"type\":\"Currency\",\"id\":\"Coins\",\"value\":450,\"claimed\":true}}],\"isUnique\":false},{\"State\":10,\"RequiredScore\":880000,\"GroupId\":2,\"Rewards\":[{\"reward\":{\"type\":\"Currency\",\"id\":\"ScoreBoosters\",\"value\":1,\"claimed\":true}},{\"reward\":{\"type\":\"Currency\",\"id\":\"Coins\",\"value\":500,\"claimed\":true}}],\"isUnique\":false},{\"State\":10,\"RequiredScore\":960000,\"GroupId\":2,\"Rewards\":[{\"reward\":{\"type\":\"Hoverboard\",\"id\":\"superSurfer.default\",\"value\":1,\"claimed\":true},\"fallbackReward\":{\"type\":\"Currency\",\"id\":\"Keys\",\"value\":5}}],\"isUnique\":false},{\"State\":10,\"RequiredScore\":1000000,\"GroupId\":3,\"Rewards\":[{\"reward\":{\"type\":\"Currency\",\"id\":\"ScoreBoosters\",\"value\":1,\"claimed\":true}},{\"reward\":{\"type\":\"Currency\",\"id\":\"Coins\",\"value\":550,\"claimed\":true}}],\"isUnique\":false},{\"State\":10,\"RequiredScore\":1150000,\"AdRequired\":true,\"optionalMultiplier\":2,\"GroupId\":3,\"Rewards\":[{\"reward\":{\"type\":\"Currency\",\"id\":\"Hoverboards\",\"value\":4,\"claimed\":true}},{\"reward\":{\"type\":\"Currency\",\"id\":\"Coins\",\"value\":600,\"claimed\":true}}],\"isUnique\":false},{\"State\":10,\"RequiredScore\":1250000,\"GroupId\":3,\"Rewards\":[{\"reward\":{\"type\":\"Currency\",\"id\":\"HeadStarts\",\"value\":1,\"claimed\":true}},{\"reward\":{\"type\":\"Currency\",\"id\":\"Coins\",\"value\":650,\"claimed\":true}}],\"isUnique\":false},{\"State\":10,\"RequiredScore\":1340000,\"GroupId\":3,\"Rewards\":[{\"reward\":{\"type\":\"Currency\",\"id\":\"Hoverboards\",\"value\":5,\"claimed\":true}},{\"reward\":{\"type\":\"Currency\",\"id\":\"Coins\",\"value\":700,\"claimed\":true}}],\"isUnique\":false},{\"State\":10,\"RequiredScore\":1440000,\"GroupId\":3,\"Rewards\":[{\"reward\":{\"type\":\"Currency\",\"id\":\"ScoreBoosters\",\"value\":2,\"claimed\":true}},{\"reward\":{\"type\":\"Currency\",\"id\":\"Coins\",\"value\":750,\"claimed\":true}},{\"reward\":{\"type\":\"Currency\",\"id\":\"Keys\",\"value\":10,\"claimed\":true}}],\"isUnique\":false},{\"State\":10,\"RequiredScore\":1600000,\"GroupId\":4,\"Rewards\":[{\"reward\":{\"type\":\"Currency\",\"id\":\"ScoreBoosters\",\"value\":1,\"claimed\":true}},{\"reward\":{\"type\":\"Currency\",\"id\":\"Coins\",\"value\":800,\"claimed\":true}}],\"isUnique\":false},{\"State\":10,\"RequiredScore\":1700000,\"AdRequired\":true,\"optionalMultiplier\":2,\"GroupId\":4,\"Rewards\":[{\"reward\":{\"type\":\"Currency\",\"id\":\"Hoverboards\",\"value\":3,\"claimed\":true}},{\"reward\":{\"type\":\"Currency\",\"id\":\"Coins\",\"value\":850,\"claimed\":true}}],\"isUnique\":false},{\"State\":10,\"RequiredScore\":1800000,\"GroupId\":4,\"Rewards\":[{\"reward\":{\"type\":\"Currency\",\"id\":\"HeadStarts\",\"value\":1,\"claimed\":true}},{\"reward\":{\"type\":\"Currency\",\"id\":\"Coins\",\"value\":900,\"claimed\":true}}],\"isUnique\":false},{\"State\":10,\"RequiredScore\":1900000,\"GroupId\":4,\"Rewards\":[{\"reward\":{\"type\":\"Currency\",\"id\":\"ScoreBoosters\",\"value\":1,\"claimed\":true}},{\"reward\":{\"type\":\"Currency\",\"id\":\"Coins\",\"value\":1000,\"claimed\":true}}],\"isUnique\":false},{\"State\":10,\"RequiredScore\":2000000,\"GroupId\":4,\"Rewards\":[{\"reward\":{\"type\":\"Character\",\"id\":\"superRunnerJake.default\",\"value\":1,\"claimed\":true},\"fallbackReward\":{\"type\":\"Currency\",\"id\":\"Keys\",\"value\":10}}],\"isUnique\":true}],\"rewardUnlockOffset\":[24,96,168,264],\"requirementsMultiplier\":1,\"roundingValue\":10000,\"successParameter\":0,\"successBehaviour\":1,\"matchmakingId\":\"dailyChallenge\",\"ruleSetId\":null,\"endAccess\":-1,\"requirements\":{\"access\":{\"data\":[{\"type\":\"BaseMultiplier\",\"operator\":\"GreaterEqual\",\"value\":\"4\"}],\"operator\":\"And\"},\"participation\":{\"data\":[{\"type\":\"SelectedCharacter\",\"operator\":\"Equal\",\"value\":\"superRunnerJake\",\"meta\":{\"limitRuns\":[1],\"tryable\":[true],\"cooldown\":[7200],\"skipCost\":[{\"currencyType\":\"Keys\",\"amount\":4}],\"skipCosts\":[{\"items\":[{\"currencyType\":\"Keys\",\"amount\":1},{\"currencyType\":\"Keys\",\"amount\":2},{\"currencyType\":\"Keys\",\"amount\":4},{\"currencyType\":\"Keys\",\"amount\":8}]}],\"alternativeSkipCost\":[{\"currencyType\":\"None\",\"adPlacement\":\"skipCharacterCooldown\"}]}}],\"operator\":\"And\"},\"progress\":{\"data\":[{\"type\":\"City\",\"operator\":\"Equal\",\"value\":\"copenhagensuperrunner\"}],\"operator\":\"And\"},\"cooldownItems\":{\"superRunnerJake\":{\"lastUsedDatetime\":\"2022-05-23T10:58:54.433316Z\",\"cooldownTime\":7200}}},\"kind\":4,\"targetCity\":\"copenhagensuperrunner\",\"markAsSeen\":true,\"accessed\":true,\"skipStageCurrency\":{\"currencyType\":\"Keys\",\"adPlacement\":null},\"skipStageConfiguration\":{\"max\":400,\"steepness\":20,\"sheerness\":9.9999997473787516E-06}},\"coinChallenge\":{\"challengeId\":\"coinChallenge\",\"currentSetEntryID\":\"v3_new_coin\",\"default\":true,\"currentScore\":306,\"lastSeenScore\":306,\"startDate\":\"2022-05-24T00:00:00Z\",\"endDate\":\"2022-05-25T00:00:00Z\",\"sunsetPeriodInSeconds\":0,\"multiplierOnStart\":30,\"eliteChallenge\":null,\"rewardStates\":[{\"State\":10,\"RequiredScore\":250,\"Rewards\":[{\"reward\":{\"type\":\"Currency\",\"id\":\"EventCoins\",\"value\":50,\"claimed\":true},\"fallbackReward\":{\"type\":\"Currency\",\"id\":\"Coins\",\"value\":50}}],\"isUnique\":false},{\"State\":0,\"RequiredScore\":500,\"AdRequired\":true,\"Rewards\":[{\"reward\":{\"type\":\"Currency\",\"id\":\"EventCoins\",\"value\":300},\"fallbackReward\":{\"type\":\"Currency\",\"id\":\"Coins\",\"value\":300}}],\"isUnique\":false},{\"State\":0,\"RequiredScore\":1000,\"Rewards\":[{\"reward\":{\"type\":\"Currency\",\"id\":\"EventCoins\",\"value\":100},\"fallbackReward\":{\"type\":\"Currency\",\"id\":\"Coins\",\"value\":100}},{\"reward\":{\"type\":\"Currency\",\"id\":\"ScoreBoosters\",\"value\":1}}],\"isUnique\":false},{\"State\":0,\"RequiredScore\":2000,\"GroupId\":1,\"Rewards\":[{\"reward\":{\"type\":\"Currency\",\"id\":\"EventCoins\",\"value\":100},\"fallbackReward\":{\"type\":\"Currency\",\"id\":\"Coins\",\"value\":100}}],\"isUnique\":false},{\"State\":0,\"RequiredScore\":3000,\"GroupId\":1,\"Rewards\":[{\"reward\":{\"type\":\"Currency\",\"id\":\"EventCoins\",\"value\":150},\"fallbackReward\":{\"type\":\"Currency\",\"id\":\"Coins\",\"value\":150}},{\"reward\":{\"type\":\"Currency\",\"id\":\"Hoverboards\",\"value\":2}}],\"isUnique\":false},{\"State\":0,\"RequiredScore\":4000,\"GroupId\":2,\"Rewards\":[{\"reward\":{\"type\":\"Currency\",\"id\":\"EventCoins\",\"value\":200},\"fallbackReward\":{\"type\":\"Currency\",\"id\":\"Coins\",\"value\":200}}],\"isUnique\":false},{\"State\":0,\"RequiredScore\":5000,\"GroupId\":2,\"Rewards\":[{\"reward\":{\"type\":\"Currency\",\"id\":\"EventCoins\",\"value\":300},\"fallbackReward\":{\"type\":\"Currency\",\"id\":\"Coins\",\"value\":300}},{\"reward\":{\"type\":\"Currency\",\"id\":\"HeadStarts\",\"value\":3}}],\"isUnique\":false}],\"rewardUnlockOffset\":null,\"requirementsMultiplier\":1,\"successParameter\":1,\"successBehaviour\":1,\"ruleSetId\":null,\"endAccess\":-1,\"requirements\":{\"access\":{\"data\":[{\"type\":\"BaseMultiplier\",\"operator\":\"GreaterEqual\",\"value\":\"4\"}],\"operator\":\"And\"},\"progress\":{\"operator\":\"And\"}},\"kind\":2}}}"}