{"version":1,"data":"{\"lastSaved\":\"2022-05-24T07:18:33.411819Z\",\"patchVersion\":0,\"current_notifications\":[{\"path\":\"main.freeTokenboxGift\",\"type\":1,\"startTime\":\"2022-05-05T14:04:22.65562Z\",\"expiration\":\"0001-01-01T00:00:00Z\",\"seenPath\":\"main.freeTokenboxGift\",\"canBeSeen\":true},{\"path\":\"quests.missions.nodeFTUE\",\"type\":1,\"startTime\":\"2022-05-05T14:23:50.507923Z\",\"expiration\":\"0001-01-01T00:00:00Z\",\"seenPath\":\"quests.missions.nodeFTUE\",\"canBeSeen\":true},{\"path\":\"me.characters.lana\",\"type\":4,\"startTime\":\"2022-05-16T12:10:59.553449Z\",\"expiration\":\"2022-06-06T00:00:00Z\",\"seenPath\":\"me.characters.lana\",\"canBeSeen\":true},{\"path\":\"me.characters.superRunnerJake\",\"type\":4,\"startTime\":\"2022-05-16T12:10:59.553449Z\",\"expiration\":\"2022-06-06T00:00:00Z\",\"seenPath\":\"me.characters.superRunnerJake\",\"canBeSeen\":true},{\"path\":\"me.boards.superSurfer.default\",\"type\":3,\"startTime\":\"2022-05-16T12:10:59.553449Z\",\"expiration\":\"2022-06-06T00:00:00Z\",\"seenPath\":\"me.boards.superSurfer.default\",\"canBeSeen\":true},{\"path\":\"me.characters.superRunnerJake.default\",\"type\":3,\"startTime\":\"2022-05-16T12:10:59.553449Z\",\"expiration\":\"2022-06-06T00:00:00Z\",\"seenPath\":\"me.characters.superRunnerJake.default\",\"canBeSeen\":true},{\"path\":\"me.boards.birthday2022.default\",\"type\":3,\"startTime\":\"2022-05-16T12:10:59.553449Z\",\"expiration\":\"2022-06-06T00:00:00Z\",\"seenPath\":\"me.boards.birthday2022.default\",\"canBeSeen\":true},{\"path\":\"me.boards.viking.default\",\"type\":3,\"startTime\":\"2022-05-16T12:10:59.553449Z\",\"expiration\":\"2022-06-06T00:00:00Z\",\"seenPath\":\"me.boards.viking.default\",\"canBeSeen\":true},{\"path\":\"me.characters.freya.default\",\"type\":3,\"startTime\":\"2022-05-16T12:10:59.553449Z\",\"expiration\":\"2022-06-06T00:00:00Z\",\"seenPath\":\"me.characters.freya.default\",\"canBeSeen\":true},{\"path\":\"me.characters.freya.vikingOutfit\",\"type\":3,\"startTime\":\"2022-05-16T12:10:59.553449Z\",\"expiration\":\"2022-06-06T00:00:00Z\",\"seenPath\":\"me.characters.freya.vikingOutfit\",\"canBeSeen\":true},{\"path\":\"me.characters.lana.default\",\"type\":3,\"startTime\":\"2022-05-16T12:10:59.553449Z\",\"expiration\":\"2022-06-06T00:00:00Z\",\"seenPath\":\"me.characters.lana.default\",\"canBeSeen\":true},{\"path\":\"me.characters.lana.nordicOutfit\",\"type\":3,\"startTime\":\"2022-05-16T12:10:59.553449Z\",\"expiration\":\"2022-06-06T00:00:00Z\",\"seenPath\":\"me.characters.lana.nordicOutfit\",\"canBeSeen\":true},{\"path\":\"me.characters.trym.default\",\"type\":3,\"startTime\":\"2022-05-16T12:10:59.553449Z\",\"expiration\":\"2022-06-06T00:00:00Z\",\"seenPath\":\"me.characters.trym.default\",\"canBeSeen\":true},{\"path\":\"me.characters.spike\",\"type\":4,\"startTime\":\"2022-05-23T10:11:52.609934Z\",\"expiration\":\"2022-05-27T00:00:00Z\",\"seenPath\":\"me.characters.spike\",\"canBeSeen\":true},{\"path\":\"me.characters.jolien.default\",\"type\":3,\"startTime\":\"2022-05-23T10:11:52.609934Z\",\"expiration\":\"2022-05-26T10:11:50.453774Z\",\"seenPath\":\"me.characters.jolien.default\",\"canBeSeen\":true},{\"path\":\"me.boards.birdie.default\",\"type\":3,\"startTime\":\"2022-05-23T10:11:52.609934Z\",\"expiration\":\"2022-05-26T10:11:50.453774Z\",\"seenPath\":\"me.boards.birdie.default\",\"canBeSeen\":true},{\"path\":\"me.characters.jack.default\",\"type\":3,\"startTime\":\"2022-05-23T10:11:52.609934Z\",\"expiration\":\"2022-05-26T10:11:50.453774Z\",\"seenPath\":\"me.characters.jack.default\",\"canBeSeen\":true},{\"path\":\"me.characters.frank\",\"type\":4,\"startTime\":\"2022-05-23T10:28:01.229661Z\",\"expiration\":\"2022-05-27T00:00:00Z\",\"seenPath\":\"me.characters.frank\",\"canBeSeen\":true},{\"path\":\"me.characters.roberto.fanOutfit\",\"type\":3,\"startTime\":\"2022-05-23T10:42:02.454734Z\",\"expiration\":\"2022-05-24T10:42:00.622841Z\",\"seenPath\":\"me.characters.roberto.fanOutfit\",\"canBeSeen\":true},{\"path\":\"me.boards.kickOff.default\",\"type\":3,\"startTime\":\"2022-05-23T10:42:02.454734Z\",\"expiration\":\"2022-05-24T10:42:00.622841Z\",\"seenPath\":\"me.boards.kickOff.default\",\"canBeSeen\":true},{\"path\":\"me.characters.taha.default\",\"type\":3,\"startTime\":\"2022-05-24T04:47:44.628341Z\",\"expiration\":\"2022-05-25T00:00:00Z\",\"seenPath\":\"me.characters.taha.default\",\"canBeSeen\":true},{\"path\":\"me.characters.mala.default\",\"type\":3,\"startTime\":\"2022-05-24T04:47:44.628341Z\",\"expiration\":\"2022-05-25T00:00:00Z\",\"seenPath\":\"me.characters.mala.default\",\"canBeSeen\":true},{\"path\":\"me.characters.aina.default\",\"type\":3,\"startTime\":\"2022-05-24T04:47:44.628341Z\",\"expiration\":\"2022-05-25T00:00:00Z\",\"seenPath\":\"me.characters.aina.default\",\"canBeSeen\":true},{\"path\":\"me.characters.bjarki.default\",\"type\":3,\"startTime\":\"2022-05-24T04:47:44.628341Z\",\"expiration\":\"2022-05-25T00:00:00Z\",\"seenPath\":\"me.characters.bjarki.default\",\"canBeSeen\":true},{\"path\":\"me.characters.carlos.default\",\"type\":3,\"startTime\":\"2022-05-24T04:47:44.628341Z\",\"expiration\":\"2022-05-25T00:00:00Z\",\"seenPath\":\"me.characters.carlos.default\",\"canBeSeen\":true},{\"path\":\"me.characters.dylan.default\",\"type\":3,\"startTime\":\"2022-05-24T04:47:44.628341Z\",\"expiration\":\"2022-05-25T00:00:00Z\",\"seenPath\":\"me.characters.dylan.default\",\"canBeSeen\":true},{\"path\":\"me.characters.ez.default\",\"type\":3,\"startTime\":\"2022-05-24T04:47:44.628341Z\",\"expiration\":\"2022-05-25T00:00:00Z\",\"seenPath\":\"me.characters.ez.default\",\"canBeSeen\":true},{\"path\":\"me.characters.harumi.default\",\"type\":3,\"startTime\":\"2022-05-24T04:47:44.628341Z\",\"expiration\":\"2022-05-25T00:00:00Z\",\"seenPath\":\"me.characters.harumi.default\",\"canBeSeen\":true},{\"path\":\"me.characters.izzy.default\",\"type\":3,\"startTime\":\"2022-05-24T04:47:44.628341Z\",\"expiration\":\"2022-05-25T00:00:00Z\",\"seenPath\":\"me.characters.izzy.default\",\"canBeSeen\":true},{\"path\":\"me.characters.nina.default\",\"type\":3,\"startTime\":\"2022-05-24T04:47:44.628341Z\",\"expiration\":\"2022-05-25T00:00:00Z\",\"seenPath\":\"me.characters.nina.default\",\"canBeSeen\":true},{\"path\":\"me.characters.olivia.default\",\"type\":3,\"startTime\":\"2022-05-24T04:47:44.628341Z\",\"expiration\":\"2022-05-25T00:00:00Z\",\"seenPath\":\"me.characters.olivia.default\",\"canBeSeen\":true},{\"path\":\"me.characters.salma.default\",\"type\":3,\"startTime\":\"2022-05-24T04:47:44.628341Z\",\"expiration\":\"2022-05-25T00:00:00Z\",\"seenPath\":\"me.characters.salma.default\",\"canBeSeen\":true},{\"path\":\"challenge.action.dailyChallenge\",\"type\":1,\"startTime\":\"2022-05-24T07:18:33.151669Z\",\"expiration\":\"0001-01-01T00:00:00Z\",\"seenPath\":\"\",\"canBeSeen\":false}]}"}