{"version":1,"data":"{\"lastSaved\":\"2022-05-24T07:15:08.1712Z\",\"patchVersion\":1,\"currentMissionSet\":32,\"activeMissions\":[{\"missionGoal\":5,\"claimedProgress\":0,\"missionProgress\":0,\"missionCompleted\":false,\"Target\":14,\"Condition\":0,\"CompletionType\":1,\"ClaimPlacementType\":0,\"Index\":0},{\"missionGoal\":4,\"claimedProgress\":4,\"missionProgress\":4,\"missionCompleted\":true,\"Target\":30,\"Condition\":0,\"CompletionType\":1,\"ClaimPlacementType\":0,\"Index\":1},{\"missionGoal\":400,\"claimedProgress\":3,\"missionProgress\":3,\"missionCompleted\":false,\"Target\":25,\"Condition\":4,\"CompletionType\":1,\"ClaimPlacementType\":0,\"Index\":2}],\"missionSetLastAdsCheckUpdateTime\":\"2022-05-23T19:08:40.493161Z\",\"currentSkipWithAdsMission\":2,\"hasVisitedMissionsScreen\":true,\"scoreMultiplierLastVisit\":1}"}