{"version":2,"data":"{\"lastSaved\":\"2022-05-24T07:17:48.671714Z\",\"patchVersion\":0,\"collectedTokens\":59382,\"currentTimeSlotId\":\"season_0050\",\"rewardsThisSeason\":[{\"tierIndex\":0,\"mainRewardStatus\":[2]},{\"tierIndex\":1,\"mainRewardStatus\":[2]},{\"tierIndex\":2,\"mainRewardStatus\":[2]},{\"tierIndex\":3,\"mainRewardStatus\":[2]},{\"tierIndex\":4,\"mainRewardStatus\":[2]},{\"tierIndex\":5,\"mainRewardStatus\":[2]},{\"tierIndex\":6,\"mainRewardStatus\":[2]},{\"tierIndex\":7,\"mainRewardStatus\":[2]},{\"tierIndex\":8,\"mainRewardStatus\":[2]},{\"tierIndex\":9,\"mainRewardStatus\":[2]},{\"tierIndex\":10,\"mainRewardStatus\":[2]},{\"tierIndex\":11,\"mainRewardStatus\":[2]},{\"tierIndex\":12,\"mainRewardStatus\":[2]},{\"tierIndex\":13,\"mainRewardStatus\":[2]},{\"tierIndex\":14,\"mainRewardStatus\":[2]},{\"tierIndex\":15,\"mainRewardStatus\":[2]},{\"tierIndex\":16,\"mainRewardStatus\":[2]},{\"tierIndex\":17,\"mainRewardStatus\":[2]}],\"shownNewSeasonPopup\":true,\"lastUnlockedTierSeen\":18,\"hasClaimedSeasonHuntReward\":true,\"unlockedRewardTime\":\"0001-01-01T00:00:00Z\"}"}