{"version":1,"data":"{\"lastSaved\":\"2022-05-24T07:17:48.60938Z\",\"patchVersion\":0,\"hasUnclaimedReward\":false,\"currentCountry\":\"fr\",\"nextCountry\":null,\"currentScore\":9186999,\"unsubmittedScore\":{\"score\":0,\"scoreDate\":\"0001-01-01T00:00:00Z\",\"metadata\":null},\"previousScore\":8697036,\"previousBracket\":\"diamond\",\"startDate\":\"2022-05-23T08:00:00Z\",\"lastClaimedTournamentStart\":\"2022-05-16T08:00:00Z\",\"friendRuns\":{},\"currentTopScoreMetadata\":[{\"key\":\"multiplier\",\"value\":\"37\"},{\"key\":\"character\",\"value\":\"zombiejake\"},{\"key\":\"board\",\"value\":\"skullFire\"}]}"}