{"version":1,"data":"{\"lastSaved\":\"2022-05-24T07:04:45.112807Z\",\"patchVersion\":0,\"updateAppViewLastSeen\":\"0001-01-01T00:00:00Z\",\"ftuePopupsSeen\":[\"cloudSave\",\"hoverboards\",\"missions\",\"ConnectAndCollect\",\"social\"],\"hasSeenFirstTimeWelcome\":true,\"lastSeenDailyEvent\":\"terrificTuesday\",\"newSeasonPopupShownForID\":\"copenhagen\",\"lastChallengePopupSeen\":\"copenhagenviking_tagteam_challenge\",\"localMailsSeen\":{\"monaco_welcome\":true,\"superrunners_logo_teaser\":true,\"anniversary_countdown6\":true,\"copenhagen_welcome\":true,\"events_screen_reminder\":true,\"happy_birthday\":true},\"lastSeenTooltipIds\":{\"youGotMailTip\":\"2022-05-24T04:55:42.421783Z\",\"changeMusicTip\":\"2022-05-07T20:03:03.790786Z\"},\"popupSeenInfo\":{\"15\":{\"lastSeenTime\":\"0001-01-01T00:00:00Z\",\"totalTimesSeen\":0,\"dailyTimesSeen\":0},\"17\":{\"lastSeenTime\":\"0001-01-01T00:00:00Z\",\"totalTimesSeen\":0,\"dailyTimesSeen\":0},\"16\":{\"lastSeenTime\":\"0001-01-01T00:00:00Z\",\"totalTimesSeen\":0,\"dailyTimesSeen\":0},\"3\":{\"lastSeenTime\":\"0001-01-01T00:00:00Z\",\"totalTimesSeen\":0,\"dailyTimesSeen\":0},\"9\":{\"lastSeenTime\":\"2022-05-16T12:11:00.568105Z\",\"totalTimesSeen\":2,\"dailyTimesSeen\":1},\"19\":{\"lastSeenTime\":\"0001-01-01T00:00:00Z\",\"totalTimesSeen\":0,\"dailyTimesSeen\":0},\"10\":{\"lastSeenTime\":\"2022-05-24T04:50:52.574488Z\",\"totalTimesSeen\":30,\"dailyTimesSeen\":2},\"5\":{\"lastSeenTime\":\"2022-05-06T08:05:02.736669Z\",\"totalTimesSeen\":1,\"dailyTimesSeen\":1},\"11\":{\"lastSeenTime\":\"2022-05-24T04:47:53.833147Z\",\"totalTimesSeen\":19,\"dailyTimesSeen\":1},\"12\":{\"lastSeenTime\":\"0001-01-01T00:00:00Z\",\"totalTimesSeen\":0,\"dailyTimesSeen\":0},\"13\":{\"lastSeenTime\":\"0001-01-01T00:00:00Z\",\"totalTimesSeen\":0,\"dailyTimesSeen\":0},\"14\":{\"lastSeenTime\":\"0001-01-01T00:00:00Z\",\"totalTimesSeen\":0,\"dailyTimesSeen\":0},\"2\":{\"lastSeenTime\":\"2022-05-16T18:35:40.238053Z\",\"totalTimesSeen\":5,\"dailyTimesSeen\":2},\"6\":{\"lastSeenTime\":\"2022-05-07T10:29:03.871643Z\",\"totalTimesSeen\":1,\"dailyTimesSeen\":1},\"18\":{\"lastSeenTime\":\"2022-05-23T10:12:27.975688Z\",\"totalTimesSeen\":10,\"dailyTimesSeen\":1},\"8\":{\"lastSeenTime\":\"2022-05-16T10:07:59.524311Z\",\"totalTimesSeen\":1,\"dailyTimesSeen\":1},\"20\":{\"lastSeenTime\":\"2022-05-24T04:47:46.756736Z\",\"totalTimesSeen\":8,\"dailyTimesSeen\":1}},\"lastSeenPopupTime\":\"2022-05-24T04:50:52.574488Z\",\"promotionsSeenInfo\":{\"speed_crew_promo\":{\"lastSeenTime\":\"2022-05-13T13:56:27.136215Z\",\"removeAtTime\":\"2022-05-27T05:56:27.136215Z\"},\"ucb_zuri_promo\":{\"lastSeenTime\":\"2022-05-13T13:56:28.155932Z\",\"removeAtTime\":\"2022-05-27T05:56:28.155932Z\"},\"biker_bundle_promo\":{\"lastSeenTime\":\"2022-05-16T18:08:03.571097Z\",\"removeAtTime\":\"2022-05-30T10:08:03.571097Z\"},\"fan_made_bundle_promo\":{\"lastSeenTime\":\"2022-05-16T20:11:05.635686Z\",\"removeAtTime\":\"2022-05-30T12:11:05.635686Z\"},\"backup_bundles\":{\"lastSeenTime\":\"2022-05-24T12:50:52.574488Z\",\"removeAtTime\":\"2022-06-07T04:50:52.574488Z\"},\"birthday_bonanza_popup_promo\":{\"lastSeenTime\":\"2022-05-24T12:47:56.875683Z\",\"removeAtTime\":\"2022-06-07T04:47:56.875683Z\"}},\"challengesSeenData\":{\"marrakesh_marathon_challenge\":\"2022-05-13T00:00:00Z\",\"super_runner_challenge\":\"2022-05-16T00:00:00Z\",\"copenhagenviking_tagteam_challenge\":\"2022-05-23T00:00:00Z\"},\"crossPromotionsSeen\":{}}"}