{"version":2,"data":"{\"lastSaved\":\"2022-05-24T07:18:33.339944Z\",\"patchVersion\":0,\"currencies\":{\"3\":{\"value\":99999387,\"expirationType\":0},\"2\":{\"value\":10380670,\"expirationType\":0},\"1\":{\"value\":852648596,\"expirationType\":0},\"5\":{\"value\":48969,\"expirationType\":0},\"4\":{\"value\":110481,\"expirationType\":0},\"20\":{\"value\":0,\"expirationType\":0},\"22\":{\"value\":8673,\"expirationType\":0},\"21\":{\"value\":9693,\"expirationType\":0},\"6\":{\"value\":5017900,\"expirationValue\":1654466399999,\"expirationType\":1},\"23\":{\"value\":4,\"expirationType\":0},\"24\":{\"value\":464996,\"expirationType\":0}},\"lootboxQueue\":{\"unopenedLootboxes\":{\"0\":[],\"2\":[]}},\"currencyAllowedInRun\":{\"5\":true,\"4\":true},\"lootBoxesOpened\":{\"mini_mystery_box\":35,\"mystery_box\":102,\"token_box\":76,\"super_mystery_box\":7},\"ownedOnlyBuyOnceProducts\":[\"free_token_box\"]}"}